Filename,Run Count,Last Run Date
"C:\Users\user\Desktop\packed\behaviors\monsters\mission",2,132621861204648264
"C:\Users\user\Desktop\packed\dungeons\missions\tentaclemissions",2,132621860917923552
"D:\SteamLibrary\steamapps\common\Starbound\729640289\ship parts\generic\analysisscreen",1,132782558464529870
"D:\SteamLibrary\steamapps\common\Starbound\mods\export1\objects\space\shipdecorationparts\hylotl\hylotl_thruster_ftl",1,132781741152245313
"C:\Program Files (x86)\Steam\steamapps\common\Don't Starve Together\mods\compilering\exported\kettle_drink\cup_fruitsoda\cup-fruitsoda.png",1,132751229821771277
"D:\other\prgamin\water_mod-AFS_work\exported\kettle_drink\cup_colaquantum",1,132750463480587345
"C:\Users\user\Desktop\packed\dungeons\missions",1,132621860810426864
"C:\Users\user\Desktop\packed\codex\missions\cultist mission",1,132621860694946545
"C:\Users\user\Desktop\packed\projectiles\mech",1,132621855411520516
"C:\Users\user\Desktop\packed\projectiles\mech\mechplasmabullet",1,132621855294013494
"C:\Users\user\Desktop\packed\projectiles\mech\mechteslabolt",1,132621855257145848
"C:\Users\user\Desktop\packed\recipes\wiringstation\mechanics",1,132621855217599855
"C:\Users\user\Desktop\packed\interface\scripted\mechassembly",1,132621855137466781
"C:\Users\user\Desktop\packed\dungeons\other\mechtest",1,132621855105309019
"C:\Users\user\Desktop\packed\objects\generic\mechanicalelevator",1,132621855024943075
"C:\Users\user\Desktop\packed\objects\generic\mechbeacon",1,132621854856799803
